file_name,file_id
DreamIngredients.png,AgACAgUAAxkDAAICrGVfXI5VU1WJ9uGzQTO-UkrWzSbFAAKTuzEbtdgAAVejDCV0mcmDWgEAAwIAA3kAAzME
SmoothIngredients.png,AgACAgUAAxkDAAICrWVfXI8rhAFmpMcsrPNWU8fifscdAAKUuzEbtdgAAVc73uBV6OES7AEAAwIAA3gAAzME
Nitric_MojoMojito.png,AgACAgUAAxkDAAICrmVfXJAMwa3PWBCchO_n4IX0MCm0AAKVuzEbtdgAAVc915iFGTw8IAEAAwIAA3kAAzME
Nitric_BlackberryLemonade.png,AgACAgUAAxkDAAICr2VfXJBnRT9-JWUJ-6hA8Jyi9w3CAAKauzEbtdgAAVcCOjQDsxt_JwEAAwIAA3kAAzME
NitricIngredients.png,AgACAgUAAxkDAAICsGVfXJHXQwcm1V7DBfglBeE0fvPoAAKbuzEbtdgAAVcxwrioeNIpIwEAAwIAA3kAAzME
Nitric_LemonLime.png,AgACAgUAAxkDAAICs2VfXNV7uT2t7T91oYr2d0NJRJ3FAAKcuzEbtdgAAVc52y4GKyyMLgEAAwIAA3kAAzME
SigmaDefault.png,AgACAgUAAxkDAAICtGVfXNaUCet4pZkOLS62bp1DAVuLAAKluDEbfC74Vr-rIu0glps2AQADAgADeQADMwQ
Mode_BlackberryLemonade.png,AgACAgUAAxkDAAICtWVfXNfrL81cZG8Mcq5n0uNxHOQvAAKduzEbtdgAAVez4mzq7AxaJgEAAwIAA3kAAzME
Nitric_StrawberryKiwi.png,AgACAgUAAxkDAAICuGVfXPFzG4sTIFDq_HSBtg4o18jSAAKmuzEbtdgAAVcfwQibsFygQwEAAwIAA3kAAzME
Mode_Bombsicle.png,AgACAgUAAxkDAAICuWVfXPKgC8RkizGXwanK3UvHfVhVAAKZuDEbfC74VgvEbxfmuU02AQADAgADeAADMwQ
ModeBack.png,AgACAgUAAxkDAAICumVfXPJK5ZBd5N-uaMEGwU7_Em57AAKnuzEbtdgAAVcJxnsch1nuhAEAAwIAA3kAAzME
Mode_MouthwateringWatermelon.png,AgACAgUAAxkDAAICvGVfXQ6NMGzQEVQbIPohccL41Xt6AAKouzEbtdgAAVfozjbDuLcc3wEAAwIAA3kAAzME
SigmaIngredients.png,AgACAgUAAxkDAAICvWVfXQ7sf_Q-MLBXusZYx_v3Ix8sAAKpuzEbtdgAAVce_fvPcC5OzgEAAwIAA3kAAzME
Nitric_FruitPunch.png,AgACAgUAAxkDAAICvmVfXRClzokwkQtwW8sDTzlxpK41AAKquzEbtdgAAVcrGxmFKph0iAEAAwIAA3kAAzME
SmoothDefault.png,AgACAgUAAxkDAAICwGVfXSJ6Rbt7Eg9koQfSfFRp_TvMAAKkuDEbfC74VuEIoFP069KOAQADAgADeQADMwQ
Nitric_CottonCandyGrape.png,AgACAgUAAxkDAAICw2VfXU6sNoi2WpcOOcdTN2tIoDqeAAKruzEbtdgAAVdBz4iAdgUQvAEAAwIAA3kAAzME
Mode_FireflyLemonade.png,AgACAgUAAxkDAAICxGVfXU5JuBf_-JmdzCaSEGoVmPnFAAKsuzEbtdgAAVdhjuBjaS-R6QEAAwIAA3kAAzME
NitricDefault.png,AgACAgUAAxkDAAICxWVfXVDkE-514J14hyWDJxLoF6wsAAKiuDEbfC74VlhznTsfOuPAAQADAgADeQADMwQ
GorillaMindLogo.png,AgACAgUAAxkDAAICxmVfXVFCokFlFT1HtzE4WY5C2ftxAAKtuzEbtdgAAVfkkOlvbri23AEAAwIAA3cAAzME
Mode_LemonLime.png,AgACAgUAAxkDAAICyGVfXWbi9eE5GpJOCdcFdkzXCWNVAAKuuzEbtdgAAVcjOHLMI2wzMQEAAwIAA3kAAzME
Mode_JungleJuice.png,AgACAgUAAxkDAAICyWVfXWejY18alHVQQ1zkBAcO6nqYAAKvuzEbtdgAAVdVJfLbl3pb9AEAAwIAA3kAAzME
Nitric_Krush.png,AgACAgUAAxkDAAICymVfXWc8pzWHQdMlDhIQR98EpAP8AAKwuzEbtdgAAVdsJ9Hz7-qbOQEAAwIAA3kAAzME
Nitric_JungleJuice.png,AgACAgUAAxkDAAICy2VfXWk-zD29x4my8qURx_D3lKPvAAKzuzEbtdgAAVdCH_eJNZ4vkQEAAwIAA3kAAzME
Mode_VolcanoBurst.png,AgACAgUAAxkDAAICzWVfXYIE93axk1GLgBjoUPqNf1UTAAK0uzEbtdgAAVcvv9sTjgL_MgEAAwIAA3kAAzME
ModeIngredients.png,AgACAgUAAxkDAAICzmVfXYQH_GH6decG3iHN2cYxs2L2AAK1uzEbtdgAAVe9uYW9KgGaigEAAwIAA3kAAzME
Mode_CherryBlackout.png,AgACAgUAAxkDAAIC0WVfXa6L1NOWs8f42rzxfoAmEnbTAAK2uzEbtdgAAVeZFjs9HfHcCgEAAwIAA3kAAzME
Mode_Tiger'sBlood.png,AgACAgUAAxkDAAIC0mVfXa8KhRpMiYxcjSxm8hyJFTFMAAK3uzEbtdgAAVcThYuXYJXDmAEAAwIAA3gAAzME
Nitric_VolcanoBurst.png,AgACAgUAAxkDAAIC02VfXbFJhTfk5ixLkyZJJ6l8v5nIAAK4uzEbtdgAAVd3bT5oAe0CwwEAAwIAA3kAAzME
Nitric_CherryBlackout.png,AgACAgUAAxkDAAIC1mVfXdSy9bm62J6yWOwI-q0aehHVAAK5uzEbtdgAAVcKJ2y0j3Jv-QEAAwIAA3kAAzME
Nitric_MouthwateringWatermelon.png,AgACAgUAAxkDAAIC12VfXdUJVb4o7Fpb2fCJHUMKfywxAAK6uzEbtdgAAVfl5BuwEOva5gEAAwIAA3kAAzME
Mode_MojoMojito.png,AgACAgUAAxkDAAIC2mVfXgKXzH-jcsh9jEt8hnvy9pWlAAK7uzEbtdgAAVeazIVCDoS3awEAAwIAA3kAAzME
SigmaBack.png,AgACAgUAAxkDAAIC22VfXgPjl5JdhIpGdyKkkkF65hlnAAK8uzEbtdgAAVcJlqrX-WRzbQEAAwIAA3kAAzME
Nitric_Tiger'sBlood.png,AgACAgUAAxkDAAIC3GVfXgV0n0cp1hh6htsvngK1RNwhAAK9uzEbtdgAAVfAJxtakWB5pwEAAwIAA3kAAzME
NitricBack.png,AgACAgUAAxkDAAIC32VfXjTA1LkP1T7-6fKUUTV7oSk9AAK-uzEbtdgAAVdkuIFQEF_bWwEAAwIAA3kAAzME
Mode_Krush.png,AgACAgUAAxkDAAIC4GVfXjZ8RA2oxvuKV4N7rruV2IvPAAK_uzEbtdgAAVdvk-Ba7zRxywEAAwIAA3gAAzME
Nitric_PiñaColada.png,AgACAgUAAxkDAAIC42VfXl2fTYTPJ601wRRe2zI8xto1AALAuzEbtdgAAVfQOMfwWn4tYAEAAwIAA3kAAzME
Mode_CottonCandyGrape.png,AgACAgUAAxkDAAIC5GVfXl8xQsY723jULUxxgW3kTKrgAALBuzEbtdgAAVflEUDJQme9zgEAAwIAA3kAAzME
Nitric_FireflyLemonade.png,AgACAgUAAxkDAAIC5mVfXm62SefPMSkd5mfB2TjYNd8YAALCuzEbtdgAAVdFAun6I1xRcQEAAwIAA3kAAzME
DreamDefault.png,AgACAgUAAxkDAAIC52VfXm8STYjpAAGQsiFjqjDqa97RxQACprgxG3wu-FZ8El8JW17PRgEAAwIAA3kAAzME
Mode_FruitPunch.png,AgACAgUAAxkDAAIC6WVfXpDQuhBa1MII2kdMVC2Po4UsAALEuzEbtdgAAVfX4RQv48oVTAEAAwIAA3kAAzME
ModeDefault.png,AgACAgUAAxkDAAIC6mVfXpDVMz15eX_uWi48jAABgjVQwQACmbgxG3wu-FYLxG8X5rlNNgEAAwIAA3gAAzME
Mode_PiñaColada.png,AgACAgUAAxkDAAIC62VfXpJwGeehvalt2iEnbQY9CnntAALFuzEbtdgAAVfNqNo0yqEkJwEAAwIAA3kAAzME
Mode_StrawberryKiwi.png,AgACAgUAAxkDAAIC8GVgFwPj2QSLUb8_2AxwC6bXcqWkAAKfuzEbtdgAAVeB-HE_BKOd2wEAAwIAA3kAAzME
Nitric_Bombsicle.png,AgACAgUAAxkDAAICxWVfXVDkE-514J14hyWDJxLoF6wsAAKiuDEbfC74VlhznTsfOuPAAQADAgADeQADMwQ
CartimageDefault.png,AgACAgUAAxkBAAIKDGWtyzyAmtjCqWfJaqcx-NLF9YrZAAIjuzEbsbFwVTxGct1fEI4lAQADAgADeAADNAQ
Protein_StrawberryBanana.png,AgACAgUAAxkBAAIML2Wx-b2fKidImpGaafrSkBPfzkYMAAJiuDEb7RCQVcWJ0HzkGsH2AQADAgADeQADNAQ
Protein_ChocolatePeanutButter.png,AgACAgUAAxkBAAIMOmWx-7VjYlj4lW4smftA9Mtgj_HiAAJ_uDEb7RCQVZz5nytjcX7kAQADAgADeQADNAQ
Protein_MilkChocolate.png,AgACAgUAAxkBAAIPAAFltx1Mrcyl6UG9VQABkYFFqmS3SOwAAgu7MRtVF7lVwant3Ln6xyABAAMCAAN5AAM0BA
Protein_PumpkinSpice.png,AgACAgUAAxkBAAIPBmW3HXstwi7OSGeHDCZfiqvkFDm6AAIMuzEbVRe5Vb5tFs5vnD-KAQADAgADeQADNAQ
Protein_CinnamonChurro.png,AgACAgUAAxkBAAIPFGW3HfEpx_DkAAFvOBDlW81E5Sq5iwACDbsxG1UXuVXmfO4pQgKFlQEAAwIAA3kAAzQE
ProteinDefault.png,AgACAgUAAxkBAAIML2Wx-b2fKidImpGaafrSkBPfzkYMAAJiuDEb7RCQVcWJ0HzkGsH2AQADAgADeQADNAQ